,Winner_Acc,Exact_Score_Acc,Brier_Score,Log_Loss,Time_s
B_Only_Goals,0.6040462427745664,0.1259289843104872,0.5006969844095078,0.8520671520401462,15.36134386062622
A_All_H2H,0.6023947151114781,0.125103220478943,0.5010199214015065,0.8524962466024725,15.90283489227295
C_No_H2H,0.6044591246903386,0.12881915772089184,0.5019284562715469,0.8537831669643001,15.783754110336304
