,Winner_Acc,Exact_Score_Acc,Brier_Score,Log_Loss,Time_s
G_No_Squad_Stats,0.6040462427745664,0.1259289843104872,0.5006969844095078,0.8520671520401462,8.283825874328613
A_Full,0.6056977704376548,0.129644921552436,0.5008965822238538,0.8524724292747552,8.489290952682495
D_No_Shootouts,0.6056977704376548,0.129644921552436,0.5008965822238538,0.8524724292747552,8.28930377960205
B_No_H2H,0.6040462427745664,0.1292320396366639,0.5014993957058514,0.8529686554381959,8.440407752990723
E_No_Form,0.601981833195706,0.12427745664739884,0.504425261848611,0.8584966792879932,8.120742082595825
C_No_FIFA,0.5982658959537572,0.12840627580511974,0.5054575151277327,0.8611340659531255,8.367233037948608
F_ELO_Only,0.597027250206441,0.12799339388934763,0.5119555055593907,0.8714502345488679,7.81114387512207
