Feature Set,Exact Score Acc,Winner Acc,Brier Score,Log Loss,RPS
D. ELO + Player Intel,0.1385379061371841,0.601985559566787,0.5021643433342304,0.856750466366831,0.16470291809940363
C. ELO + Squad Intel,0.13402527075812273,0.6015342960288809,0.5027366310937842,0.8576915566240361,0.1649460988831188
E. Full Feature Set,0.1430505415162455,0.6033393501805054,0.5039177305276912,0.859333838518838,0.16539911680829283
B. ELO + Form,0.14350180505415164,0.5983754512635379,0.5044283072250867,0.8608996219305475,0.16593740268442314
A. Baseline ELO,0.14169675090252706,0.598826714801444,0.5042733831520705,0.8615223493936631,0.16583807422210733
