Tournament,Base LogLoss,Gold LogLoss,Base Brier,Gold Brier,Base WinAcc,Gold WinAcc,Base ChampProb,Gold ChampProb
2018,0.9479837617390255,0.9565082588216821,0.1871367201251722,0.18962282093402352,0.5625,0.5625,0.4018456790614277,0.46365183114706987
2022,1.005430151199763,0.9985692363915645,0.19702961436332686,0.1932581633966652,0.5625,0.546875,0.3876482553491538,0.32702754790197996
