Model,Exact Score Acc,Winner Acc,Brier Score,Log Loss,RPS
CatBoost,0.14259927797833935,0.5983754512635379,0.5084529391077873,0.8685045601823641,0.1674838147853506
Ensemble,0.14124548736462095,0.5974729241877257,0.5092488515905368,0.8701320177764634,0.16785052287565566
Random Forest,0.14530685920577618,0.598826714801444,0.5091164266224868,0.870294031601321,0.16772902017247593
LightGBM,0.14124548736462095,0.5965703971119134,0.5099534772162516,0.8715503960754253,0.16815715097346307
XGBoost,0.14169675090252706,0.5970216606498195,0.5101388441088649,0.8717499880136897,0.1682630879765102
Extra Trees,0.14169675090252706,0.5947653429602888,0.5123569165835735,0.875318042497912,0.1693527739840146
Elastic Net (Poisson),0.09657039711191336,0.45712996389891697,0.6456362207641126,1.067792419607259,0.23298643008114156
