Study,Model,Log Loss,Brier Score,Winner Acc
Baseline,Current Architecture,0.851611123642522,0.1668085703596637,0.6044591246903386
1. Enhanced ELO,Goal-Diff Weighted ELO Proxy,0.8726708965691475,0.17136310619709394,0.597440132122213
2. Ensemble,Pure ELO Math,0.9245984270786163,0.17863229225863875,0.5904211395540875
2. Ensemble,50/50 ML + Pure ELO,0.8694880767892345,0.16944861194208938,0.6061106523534269
3. Data Weighting,Recency Weighted (Decay),0.8513152849495489,0.1668871147564354,0.6069364161849711
4. Alt Target,Predict Goal Diff Directly,0.8621789028531013,0.16796988129807963,0.6032204789430223
